#SampleID	ExtractionNum	BarcodeSequence	LinkerPrimerSequence	Rootstock	Compartment	VineyardRow	ExtractDate	ExtractBatch	ExtractConc	260-280	Irrigation	Graftstatus	Block
#q2:types	categorical	categorical	categorical	categorical	categorical	categorical	categorical	categorical	numeric	numeric	categorical	categorical	categorical
MV08.1103P.2.B	1	TCAGCCTCAGCC	GTGTGYCAGCMGCCGCGGTAA	1103P	Berry	8	2/14/2019	12	11.99	1.84	none	Grafted	A
MV08.1103P.2.L	2	TGCAGGGAACCG	GTGTGYCAGCMGCCGCGGTAA	1103P	Leaf	8	10/23/2018	2	34.15	1.43	none	Grafted	A
MV08.1103P.2.R	3	CAGCGCGGCTAG	GTGTGYCAGCMGCCGCGGTAA	1103P	Root	8	12/20/2018	6	3.44	1.22	none	Grafted	A
MV08.1103P.2.S	4	ATGGACCTAGCT	GTGTGYCAGCMGCCGCGGTAA	1103P	Soil	8	11/7/2018	3	33.98	1.83	none	Grafted	A
MV08.1103P.3.B	5	CTAGCCCGTTCG	GTGTGYCAGCMGCCGCGGTAA	1103P	Berry	8	2/14/2019	12	9	1.46	none	Grafted	A
MV08.1103P.3.L	6	ACGGGCACGACA	GTGTGYCAGCMGCCGCGGTAA	1103P	Leaf	8	10/23/2018	2	11.81	1.31	none	Grafted	A
MV08.1103P.3.R	7	TACGAGCCCTAA	GTGTGYCAGCMGCCGCGGTAA	1103P	Root	8	12/20/2018	6	29.1	1.62	none	Grafted	A
MV08.1103P.3.S	8	CAATGGTTTCTT	GTGTGYCAGCMGCCGCGGTAA	1103P	Soil	8	11/7/2018	3	36.78	1.79	none	Grafted	A
MV08.3309C.6.B	9	ACCCAGTATGGT	GTGTGYCAGCMGCCGCGGTAA	3309C	Berry	8	2/14/2019	12	8.58	1.6	none	Grafted	A
MV08.3309C.6.L	10	GAACAGCTCTAC	GTGTGYCAGCMGCCGCGGTAA	3309C	Leaf	8	10/23/2018	2	13.79	1.33	none	Grafted	A
MV08.3309C.6.R	11	GACGACATTTAG	GTGTGYCAGCMGCCGCGGTAA	3309C	Root	8	12/20/2018	6	21.45	1.89	none	Grafted	A
MV08.3309C.6.S	12	GCAGACGGAACC	GTGTGYCAGCMGCCGCGGTAA	3309C	Soil	8	11/7/2018	3	42	1.86	none	Grafted	A
MV08.3309C.7.B	13	ATTGATATTGAT	GTGTGYCAGCMGCCGCGGTAA	3309C	Berry	8	2/14/2019	12	4.72	2.57	none	Grafted	A
MV08.3309C.7.L	14	GACTGGAGATGG	GTGTGYCAGCMGCCGCGGTAA	3309C	Leaf	8	10/23/2018	2	28.49	1.33	none	Grafted	A
MV08.3309C.7.R	15	CGCCCGGGACAC	GTGTGYCAGCMGCCGCGGTAA	3309C	Root	8	12/20/2018	6	20.38	1.42	none	Grafted	A
MV08.3309C.7.S	16	CGCTCTTAACGG	GTGTGYCAGCMGCCGCGGTAA	3309C	Soil	8	11/7/2018	3	39.87	1.8	none	Grafted	A
MV08.SO4.10.B	17	TATTAGCCTATC	GTGTGYCAGCMGCCGCGGTAA	SO4	Berry	8	2/14/2019	12	6.44	1.45	none	Grafted	A
MV08.SO4.10.L	18	GTATTTCGGACG	GTGTGYCAGCMGCCGCGGTAA	SO4	Leaf	8	10/23/2018	2	26.75	1.6	none	Grafted	A
MV08.SO4.10.R	19	ACTAGCGTTCAG	GTGTGYCAGCMGCCGCGGTAA	SO4	Root	8	12/20/2018	6	22.85	1.66	none	Grafted	A
MV08.SO4.10.S	20	TCCGTATGCGCC	GTGTGYCAGCMGCCGCGGTAA	SO4	Soil	8	11/7/2018	3	47.89	1.77	none	Grafted	A
MV08.SO4.11.B	21	AGGTTAAGTGCT	GTGTGYCAGCMGCCGCGGTAA	SO4	Berry	8	2/12/2019	10	8.94	2.52	none	Grafted	A
MV08.SO4.11.L	22	GATTATCGACGA	GTGTGYCAGCMGCCGCGGTAA	SO4	Leaf	8	1/14/2019	7	7.12	0.74	none	Grafted	A
MV08.SO4.11.R	23	GTCCCGTGAAAT	GTGTGYCAGCMGCCGCGGTAA	SO4	Root	8	12/13/2018	5	24.37	1.71	none	Grafted	A
MV08.SO4.11.S	24	CTGACGATCCGT	GTGTGYCAGCMGCCGCGGTAA	SO4	Soil	8	11/7/2018	3	43.29	1.82	none	Grafted	A
MV08.OWN.14.B	25	ATGGAGTTGTTG	GTGTGYCAGCMGCCGCGGTAA	OWN	Berry	8	2/12/2019	10	10.88	1.4	none	Ungrafted	A
MV08.OWN.14.L	26	CACTTCTTTGTG	GTGTGYCAGCMGCCGCGGTAA	OWN	Leaf	8	1/14/2019	7	8.8	1.23	none	Ungrafted	A
MV08.OWN.14.R	27	CTCGGATAGATC	GTGTGYCAGCMGCCGCGGTAA	OWN	Root	8	12/20/2018	6	8.43	1.54	none	Ungrafted	A
MV08.OWN.14.S	28	TAAACAATCAGG	GTGTGYCAGCMGCCGCGGTAA	OWN	Soil	8	11/7/2018	3	46.17	1.75	none	Ungrafted	A
MV08.OWN.15.B	29	ACTAGACGACTA	GTGTGYCAGCMGCCGCGGTAA	OWN	Berry	8	2/13/2019	11	12.57	1.44	none	Ungrafted	A
MV08.OWN.15.L	30	GTAATGCGTAAC	GTGTGYCAGCMGCCGCGGTAA	OWN	Leaf	8	10/23/2018	2	31.41	1.4	none	Ungrafted	A
MV08.OWN.15.R	31	CGCGTTCCCAGT	GTGTGYCAGCMGCCGCGGTAA	OWN	Root	8	12/13/2018	5	52.53	1.53	none	Ungrafted	A
MV08.OWN.15.S	32	TGTACCAACCGA	GTGTGYCAGCMGCCGCGGTAA	OWN	Soil	8	11/7/2018	3	33.62	1.81	none	Ungrafted	A
MV09.OWN.2.B	33	GTATGGAGCTAT	GTGTGYCAGCMGCCGCGGTAA	OWN	Berry	9	2/12/2019	10	27.97	1.67	rdi	Ungrafted	A
MV09.OWN.2.L	34	CGGGCTTCATCA	GTGTGYCAGCMGCCGCGGTAA	OWN	Leaf	9	1/14/2019	7	7.53	0.87	rdi	Ungrafted	A
MV09.OWN.2.R	35	TGCCATTAGAGC	GTGTGYCAGCMGCCGCGGTAA	OWN	Root	9	12/13/2018	5	47.89	1.57	rdi	Ungrafted	A
MV09.OWN.2.S	36	CCGATCTCCGAC	GTGTGYCAGCMGCCGCGGTAA	OWN	Soil	9	11/7/2018	3	35.19	1.83	rdi	Ungrafted	A
MV09.OWN.3.B	37	GCAGCGGTGGCT	GTGTGYCAGCMGCCGCGGTAA	OWN	Berry	9	2/12/2019	10	20.99	1.5	rdi	Ungrafted	A
MV09.OWN.3.L	38	TAGCGGAAGACG	GTGTGYCAGCMGCCGCGGTAA	OWN	Leaf	9	1/14/2019	7	9.1	1.44	rdi	Ungrafted	A
MV09.OWN.3.R	39	TCCATTTCATGC	GTGTGYCAGCMGCCGCGGTAA	OWN	Root	9	12/20/2018	6	21.69	1.67	rdi	Ungrafted	A
MV09.OWN.3.S	40	TAGTTACTAGTT	GTGTGYCAGCMGCCGCGGTAA	OWN	Soil	9	11/7/2018	3	46.9	1.83	rdi	Ungrafted	A
MV09.1103P.6.B	41	TCACGCCGGAGG	GTGTGYCAGCMGCCGCGGTAA	1103P	Berry	9	2/19/2019	14	9.51	1.37	rdi	Grafted	A
MV09.1103P.6.L	42	GGTCCGAAGCCG	GTGTGYCAGCMGCCGCGGTAA	1103P	Leaf	9	10/23/2018	2	27.55	1.3	rdi	Grafted	A
MV09.1103P.6.R	43	CCGGTCCGGGCA	GTGTGYCAGCMGCCGCGGTAA	1103P	Root	9	12/20/2018	6	22.94	1.53	rdi	Grafted	A
MV09.1103P.6.S	44	CAGCCGCATATC	GTGTGYCAGCMGCCGCGGTAA	1103P	Soil	9	11/7/2018	3	38.09	1.89	rdi	Grafted	A
MV09.1103P.7.B	45	GCGTCGGTACGG	GTGTGYCAGCMGCCGCGGTAA	1103P	Berry	9	2/18/2019	13	25.28	1.45	rdi	Grafted	A
MV09.1103P.7.L	46	AGTGACTGTCAA	GTGTGYCAGCMGCCGCGGTAA	1103P	Leaf	9	10/23/2018	2	31.05	1.34	rdi	Grafted	A
MV09.1103P.7.R	47	CGTGTGTGCTCA	GTGTGYCAGCMGCCGCGGTAA	1103P	Root	9	12/13/2018	5	24.33	1.85	rdi	Grafted	A
MV09.1103P.7.S	48	ACTTACGCCACG	GTGTGYCAGCMGCCGCGGTAA	1103P	Soil	9	11/7/2018	3	54.11	1.83	rdi	Grafted	A
MV09.3309C.10.B	49	GTAACCACCACC	GTGTGYCAGCMGCCGCGGTAA	3309C	Berry	9	2/19/2019	14	14.24	1.47	rdi	Grafted	A
MV09.3309C.10.L	50	CTGTGTCCATGG	GTGTGYCAGCMGCCGCGGTAA	3309C	Leaf	9	10/23/2018	2	28.68	1.32	rdi	Grafted	A
MV09.3309C.10.R	51	TGAAGTCACAGT	GTGTGYCAGCMGCCGCGGTAA	3309C	Root	9	12/20/2018	6	22.55	1.54	rdi	Grafted	A
MV09.3309C.10.S	52	GACCGATAGGGA	GTGTGYCAGCMGCCGCGGTAA	3309C	Soil	9	11/7/2018	3	31.16	1.82	rdi	Grafted	A
MV09.3309C.11.B	53	GATGAGTCGCGG	GTGTGYCAGCMGCCGCGGTAA	3309C	Berry	9	2/13/2019	11	12.32	1.45	rdi	Grafted	A
MV09.3309C.11.L	54	GTGCTCTGTGCC	GTGTGYCAGCMGCCGCGGTAA	3309C	Leaf	9	10/23/2018	2	11.92	1.29	rdi	Grafted	A
MV09.3309C.11.R	55	TAACACACTTAT	GTGTGYCAGCMGCCGCGGTAA	3309C	Root	9	12/20/2018	6	33.73	1.62	rdi	Grafted	A
MV09.3309C.11.S	56	GTGTTTAACTCT	GTGTGYCAGCMGCCGCGGTAA	3309C	Soil	9	11/7/2018	3	40.25	1.84	rdi	Grafted	A
MV09.SO4.14.B	57	GCCCGACATATA	GTGTGYCAGCMGCCGCGGTAA	SO4	Berry	9	2/19/2019	14	19.25	1.52	rdi	Grafted	A
MV09.SO4.14.L	58	AGTACTGCCTGC	GTGTGYCAGCMGCCGCGGTAA	SO4	Leaf	9	10/23/2018	2	10.83	1.49	rdi	Grafted	A
MV09.SO4.14.R	59	AGCTAAATGGAT	GTGTGYCAGCMGCCGCGGTAA	SO4	Root	9	12/20/2018	6	24.63	1.55	rdi	Grafted	A
MV09.SO4.14.S	60	AGTTACGAGCTA	GTGTGYCAGCMGCCGCGGTAA	SO4	Soil	9	11/7/2018	3	35.81	1.78	rdi	Grafted	A
MV09.SO4.15.B	61	TCTATTGTTAGA	GTGTGYCAGCMGCCGCGGTAA	SO4	Berry	9	2/13/2019	11	11.02	1.44	rdi	Grafted	A
MV09.SO4.15.L	62	TCAATACAATAT	GTGTGYCAGCMGCCGCGGTAA	SO4	Leaf	9	10/23/2018	2	15.55	1.61	rdi	Grafted	A
MV09.SO4.15.R	63	GAATACCAAGTC	GTGTGYCAGCMGCCGCGGTAA	SO4	Root	9	12/13/2018	5	30.29	1.5	rdi	Grafted	A
MV09.SO4.15.S	64	CATGTGCTTAGG	GTGTGYCAGCMGCCGCGGTAA	SO4	Soil	9	11/7/2018	3	69.09	1.91	rdi	Grafted	A
MV10.3309C.2.B	65	TGACCTCAAGAC	GTGTGYCAGCMGCCGCGGTAA	3309C	Berry	10	2/13/2019	11	9.88	1.51	full	Grafted	A
MV10.3309C.2.L	66	GAACGTCCGGAG	GTGTGYCAGCMGCCGCGGTAA	3309C	Leaf	10	10/23/2018	2	11.25	1.46	full	Grafted	A
MV10.3309C.2.R	67	CTTGCATACCGG	GTGTGYCAGCMGCCGCGGTAA	3309C	Root	10	12/13/2018	5	27.83	1.4	full	Grafted	A
MV10.3309C.2.S	68	CTGTCCCGCAGT	GTGTGYCAGCMGCCGCGGTAA	3309C	Soil	10	11/7/2018	3	41.51	1.83	full	Grafted	A
MV10.3309C.3.B	69	GACGATCGGGCC	GTGTGYCAGCMGCCGCGGTAA	3309C	Berry	10	2/13/2019	11	16.79	1.43	full	Grafted	A
MV10.3309C.3.L	70	GGTTGTAAGTGT	GTGTGYCAGCMGCCGCGGTAA	3309C	Leaf	10	10/23/2018	2	10.9	1.33	full	Grafted	A
MV10.3309C.3.R	71	CATGGGTGTTAC	GTGTGYCAGCMGCCGCGGTAA	3309C	Root	10	12/13/2018	5	31.76	1.74	full	Grafted	A
MV10.3309C.3.S	72	GTGCATTCGCCA	GTGTGYCAGCMGCCGCGGTAA	3309C	Soil	10	11/7/2018	3	51.39	1.83	full	Grafted	A
MV10.SO4.7.B	77	CGATCCGATCTG	GTGTGYCAGCMGCCGCGGTAA	SO4	Berry	10	2/13/2019	11	6.47	1.45	full	Grafted	A
MV10.SO4.7.L	78	TCCTGAACACAG	GTGTGYCAGCMGCCGCGGTAA	SO4	Leaf	10	10/23/2018	2	7.74	1.39	full	Grafted	A
MV10.SO4.7.R	79	TAAACGCGACTC	GTGTGYCAGCMGCCGCGGTAA	SO4	Root	10	12/13/2018	5	18.24	1.27	full	Grafted	A
MV10.SO4.7.S	80	ACCTAGCTAGTG	GTGTGYCAGCMGCCGCGGTAA	SO4	Soil	10	11/7/2018	3	45.13	1.78	full	Grafted	A
MV10.OWN.10.B	81	CCAGTTCCAAAG	GTGTGYCAGCMGCCGCGGTAA	OWN	Berry	10	2/19/2019	14	7.73	1.63	full	Ungrafted	A
MV10.OWN.10.L	82	CAGAGTGCCGGC	GTGTGYCAGCMGCCGCGGTAA	OWN	Leaf	10	10/23/2018	2	27.27	1.28	full	Ungrafted	A
MV10.OWN.10.R	83	GGCCTGGCCTGG	GTGTGYCAGCMGCCGCGGTAA	OWN	Root	10	12/13/2018	5	10.41	1.83	full	Ungrafted	A
MV10.OWN.10.S	84	AGCAAGGTCTTC	GTGTGYCAGCMGCCGCGGTAA	OWN	Soil	10	11/7/2018	3	38.34	1.82	full	Ungrafted	A
MV10.OWN.11.B	85	TACCGGCTTGCA	GTGTGYCAGCMGCCGCGGTAA	OWN	Berry	10	2/19/2019	14	9.26	1.46	full	Ungrafted	A
MV10.OWN.11.L	86	AATGATAGATGC	GTGTGYCAGCMGCCGCGGTAA	OWN	Leaf	10	10/23/2018	2	30.63	1.3	full	Ungrafted	A
MV10.OWN.11.R	87	AATCAACTAGGC	GTGTGYCAGCMGCCGCGGTAA	OWN	Root	10	12/20/2018	6	19.15	1.61	full	Ungrafted	A
MV10.OWN.11.S	88	CTATGGTGAACC	GTGTGYCAGCMGCCGCGGTAA	OWN	Soil	10	11/7/2018	3	48.94	1.82	full	Ungrafted	A
MV10.1103P.14.B	89	ATCTAAGTTACT	GTGTGYCAGCMGCCGCGGTAA	1103P	Berry	10	2/19/2019	14	9.93	1.42	full	Grafted	A
MV10.1103P.14.L	90	TCGGGTGAGGCC	GTGTGYCAGCMGCCGCGGTAA	1103P	Leaf	10	10/23/2018	2	28.01	1.4	full	Grafted	A
MV10.1103P.14.R	91	ACGATCATCTGG	GTGTGYCAGCMGCCGCGGTAA	1103P	Root	10	12/13/2018	5	24.81	1.8	full	Grafted	A
MV10.1103P.14.S	92	GTGGATAAACTC	GTGTGYCAGCMGCCGCGGTAA	1103P	Soil	10	11/7/2018	3	33.07	1.79	full	Grafted	A
MV10.1103P.15.B	93	CAAGAGCGGATG	GTGTGYCAGCMGCCGCGGTAA	1103P	Berry	10	2/14/2019	12	6.51	1.45	full	Grafted	A
MV10.1103P.15.L	94	GATTGAACGCTA	GTGTGYCAGCMGCCGCGGTAA	1103P	Leaf	10	10/23/2018	2	22.29	1.41	full	Grafted	A
MV10.1103P.15.R	95	GAGCACGCACGC	GTGTGYCAGCMGCCGCGGTAA	1103P	Root	10	12/13/2018	5	45.47	1.6	full	Grafted	A
MV10.1103P.15.S	96	CGGCTACTATGC	GTGTGYCAGCMGCCGCGGTAA	1103P	Soil	10	11/7/2018	3	32.09	1.79	full	Grafted	A
MV11.3309C.2.B	97	CAATACGACCGT	GTGTGYCAGCMGCCGCGGTAA	3309C	Berry	11	2/7/2019	8	10.95	1.66	rdi	Grafted	B
MV11.3309C.2-3.R	99	TCCCTCTGAGAG	GTGTGYCAGCMGCCGCGGTAA	3309C	Root	11	12/20/2018	6	14.93	1.66	rdi	Grafted	B
MV11.3309C.2-3.S	100	GAAGACAGCGAC	GTGTGYCAGCMGCCGCGGTAA	3309C	Soil	11	11/14/208	4	66.02	1.83	rdi	Grafted	B
MV11.3309C.3.L	102	ATATCGCGATGA	GTGTGYCAGCMGCCGCGGTAA	3309C	Leaf	11	10/18/2018	1	11.69	1.49	rdi	Grafted	B
MV11.1103P.6.L	104	CGATACACTGCC	GTGTGYCAGCMGCCGCGGTAA	1103P	Leaf	11	10/18/2018	1	35.19	1.43	rdi	Grafted	B
MV11.1103P.6-7.R	105	TCACAACACCGC	GTGTGYCAGCMGCCGCGGTAA	1103P	Root	11	12/13/2018	5	37.52	1.51	rdi	Grafted	B
MV11.1103P.6-7.S	106	GTTTGTGATCTT	GTGTGYCAGCMGCCGCGGTAA	1103P	Soil	11	11/14/208	4	65.54	1.85	rdi	Grafted	B
MV11.1103P.7.B	107	AACATTGCAGGT	GTGTGYCAGCMGCCGCGGTAA	1103P	Berry	11	2/21/2019	15	6.95	1.62	rdi	Grafted	B
MV11.OWN.10.B	109	GAGTGCTCTAAC	GTGTGYCAGCMGCCGCGGTAA	OWN	Berry	11	2/7/2019	8	17.56	1.6	rdi	Ungrafted	B
MV11.OWN.10.L	110	GCTACTGGTATG	GTGTGYCAGCMGCCGCGGTAA	OWN	Leaf	11	10/18/2018	1	9.09	1.51	rdi	Ungrafted	B
MV11.OWN.10-11.R	111	GTCCGATCCTAG	GTGTGYCAGCMGCCGCGGTAA	OWN	Root	11	12/13/2018	5	36.63	1.75	rdi	Ungrafted	B
MV11.OWN.10-11.S	112	GTGTGGCAGAAG	GTGTGYCAGCMGCCGCGGTAA	OWN	Soil	11	11/14/208	4	51.37	1.77	rdi	Ungrafted	B
MV11.SO4.14-15.R	117	AAGTATCCTGCG	GTGTGYCAGCMGCCGCGGTAA	SO4	Root	11	12/13/2018	5	41.59	1.71	rdi	Grafted	B
MV11.SO4.14-15.S	118	TGGCACTGGTTA	GTGTGYCAGCMGCCGCGGTAA	SO4	Soil	11	11/14/208	4	88.01	1.8	rdi	Grafted	B
MV11.SO4.15.B	119	CACTGGTGCATA	GTGTGYCAGCMGCCGCGGTAA	SO4	Berry	11	2/7/2019	8	5.78	1.5	rdi	Grafted	B
MV11.SO4.15.L	120	GCGCCGAATCTT	GTGTGYCAGCMGCCGCGGTAA	SO4	Leaf	11	10/18/2018	1	6.5	1.37	rdi	Grafted	B
MV12.1103P.2-3.B	121	ATGGCGCGGACC	GTGTGYCAGCMGCCGCGGTAA	1103P	Berry	12	2/21/2019	15	3.07	1.85	full	Grafted	B
MV12.1103P.2-3.L	122	GCGGAAACATGG	GTGTGYCAGCMGCCGCGGTAA	1103P	Leaf	12	10/18/2018	1	34.06	1.33	full	Grafted	B
MV12.1103P.2-3.R	123	GATGTGGTGTTA	GTGTGYCAGCMGCCGCGGTAA	1103P	Root	12	12/13/2018	5	49.73	1.79	full	Grafted	B
MV12.1103P.2-3.S	124	ATATCCTGGGAC	GTGTGYCAGCMGCCGCGGTAA	1103P	Soil	12	11/14/208	4	68.24	1.81	full	Grafted	B
MV12.OWN.6-7.B	125	CGACGCCCATTC	GTGTGYCAGCMGCCGCGGTAA	OWN	Berry	12	2/21/2019	15	5.16	1.67	full	Ungrafted	B
MV12.OWN.6-7.L	126	CGTGCCGCTTAA	GTGTGYCAGCMGCCGCGGTAA	OWN	Leaf	12	10/18/2018	1	36.03	1.5	full	Ungrafted	B
MV12.OWN.6-7.R	127	AGCGCATATCCA	GTGTGYCAGCMGCCGCGGTAA	OWN	Root	12	12/13/2018	5	13.39	1.75	full	Ungrafted	B
MV12.OWN.6-7.S	128	CTGTATGGAGCT	GTGTGYCAGCMGCCGCGGTAA	OWN	Soil	12	11/14/208	4	126.86	1.86	full	Ungrafted	B
MV12.SO4.10-11.B	129	GCCGTCTCGTAA	GTGTGYCAGCMGCCGCGGTAA	SO4	Berry	12	2/21/2019	15	5.29	1.72	full	Grafted	B
MV12.SO4.10-11.L	130	AGGGCCCGCTGA	GTGTGYCAGCMGCCGCGGTAA	SO4	Leaf	12	10/18/2018	1	11.01	1.3	full	Grafted	B
MV12.SO4.10-11.R	131	TCAGATACCAGC	GTGTGYCAGCMGCCGCGGTAA	SO4	Root	12	12/13/2018	5	28.79	1.47	full	Grafted	B
MV12.SO4.10-11.S	132	GTAATAATGCCG	GTGTGYCAGCMGCCGCGGTAA	SO4	Soil	12	11/14/208	4	97.1	1.81	full	Grafted	B
MV12.3309C.14-15.B	133	ACGCGCTAAATC	GTGTGYCAGCMGCCGCGGTAA	3309C	Berry	12	2/21/2019	15	3.67	1.86	full	Grafted	B
MV12.3309C.14-15.L	134	TCGATTGGCCGT	GTGTGYCAGCMGCCGCGGTAA	3309C	Leaf	12	10/18/2018	1	28.67	1.43	full	Grafted	B
MV12.3309C.14-15.R	135	CTACCACGGTAC	GTGTGYCAGCMGCCGCGGTAA	3309C	Root	12	12/13/2018	5	38.51	1.63	full	Grafted	B
MV12.3309C.14-15.S	136	TTCACCTGTATC	GTGTGYCAGCMGCCGCGGTAA	3309C	Soil	12	11/14/208	4	136.55	1.84	full	Grafted	B
MV13.SO4.2-3.B	137	CCTTACCTCCTC	GTGTGYCAGCMGCCGCGGTAA	SO4	Berry	13	2/21/2019	15	5.73	1.54	none	Grafted	B
MV13.SO4.2-3.L	138	TCGCCGTGTACA	GTGTGYCAGCMGCCGCGGTAA	SO4	Leaf	13	10/18/2018	1	8.09	1.35	none	Grafted	B
MV13.SO4.2-3.R	139	GTTTCTTGTTGC	GTGTGYCAGCMGCCGCGGTAA	SO4	Root	13	12/13/2018	5	28.46	1.45	none	Grafted	B
MV13.SO4.2-3.S	140	CGTAGGTAGAGG	GTGTGYCAGCMGCCGCGGTAA	SO4	Soil	13	11/14/208	4	108.06	1.81	none	Grafted	B
MV13.3309C.6-7.B	141	TCTTGTTTCTGG	GTGTGYCAGCMGCCGCGGTAA	3309C	Berry	13	2/21/2019	15	4.04	1.79	none	Grafted	B
MV13.3309C.6-7.L	142	TTGGGAGCGAAG	GTGTGYCAGCMGCCGCGGTAA	3309C	Leaf	13	10/18/2018	1	9.03	1.44	none	Grafted	B
MV13.3309C.6-7.R	143	AATATACTCAAT	GTGTGYCAGCMGCCGCGGTAA	3309C	Root	13	12/13/2018	5	19.2	1.63	none	Grafted	B
MV13.3309C.6-7.S	144	ATTTGTGGGTAG	GTGTGYCAGCMGCCGCGGTAA	3309C	Soil	13	11/14/208	4	95.54	1.79	none	Grafted	B
MV13.1103P.10-11.B	145	GGTAAAGGGTCG	GTGTGYCAGCMGCCGCGGTAA	1103P	Berry	13	2/18/2019	13	12.02	1.61	none	Grafted	B
MV13.1103P.10-11.L	146	GTCGAATTTGCG	GTGTGYCAGCMGCCGCGGTAA	1103P	Leaf	13	10/18/2018	1	9.14	1.34	none	Grafted	B
MV13.1103P.10-11.R	147	CTACGAAAGCCT	GTGTGYCAGCMGCCGCGGTAA	1103P	Root	13	12/13/2018	5	24.94	1.51	none	Grafted	B
MV13.1103P.10-11.S	148	TCAAGGGACCTT	GTGTGYCAGCMGCCGCGGTAA	1103P	Soil	13	11/14/208	4	49.14	1.77	none	Grafted	B
MV13.OWN.14-15.B	149	CAGTAAATCGCA	GTGTGYCAGCMGCCGCGGTAA	OWN	Berry	13	2/18/2019	13	7.56	1.55	none	Ungrafted	B
MV13.OWN.14-15.L	150	CTCTACGAACAG	GTGTGYCAGCMGCCGCGGTAA	OWN	Leaf	13	10/18/2018	1	8.6	1.24	none	Ungrafted	B
MV13.OWN.14-15.R	151	GACGGAACAGAC	GTGTGYCAGCMGCCGCGGTAA	OWN	Root	13	12/13/2018	5	40.77	1.66	none	Ungrafted	B
MV13.OWN.14-15.S	152	ACTCCGATAGAC	GTGTGYCAGCMGCCGCGGTAA	OWN	Soil	13	11/14/208	4	49.89	1.8	none	Ungrafted	B
MV14.3309C.2-3.B	153	GTTCAGACTAGC	GTGTGYCAGCMGCCGCGGTAA	3309C	Berry	14	2/18/2019	13	16.5	1.5	rdi	Grafted	C
MV14.3309C.2-3.L	154	GGACAGTGTATT	GTGTGYCAGCMGCCGCGGTAA	3309C	Leaf	14	10/23/2018	2	47.02	1.53	rdi	Grafted	C
MV14.3309C.2-3.R	155	GGATATGATACA	GTGTGYCAGCMGCCGCGGTAA	3309C	Root	14	12/20/2018	6	20.3	1.47	rdi	Grafted	C
MV14.3309C.2-3.S	156	AGACCAAATATG	GTGTGYCAGCMGCCGCGGTAA	3309C	Soil	14	11/14/208	4	75.14	1.82	rdi	Grafted	C
MV14.SO4.6-7.B	157	AGACGTTGCTAC	GTGTGYCAGCMGCCGCGGTAA	SO4	Berry	14	01/15/19	16	4.12	2.36	rdi	Grafted	C
MV14.SO4.6-7.L	158	TGGTAGTCTGAA	GTGTGYCAGCMGCCGCGGTAA	SO4	Leaf	14	10/23/2018	2	13.23	1.42	rdi	Grafted	C
MV14.SO4.6-7.R	159	CATATGTAAATT	GTGTGYCAGCMGCCGCGGTAA	SO4	Root	14	12/20/2018	6	39.47	1.48	rdi	Grafted	C
MV14.SO4.6-7.S	160	GGCCAGTTCCTA	GTGTGYCAGCMGCCGCGGTAA	SO4	Soil	14	11/14/208	4	137.12	1.84	rdi	Grafted	C
MV14.OWN.10-11.B	161	ATCAGTACTAGG	GTGTGYCAGCMGCCGCGGTAA	OWN	Berry	14	2/18/2019	13	10.31	1.56	rdi	Ungrafted	C
MV14.OWN.10-11.L	162	TGAAATGTCCCG	GTGTGYCAGCMGCCGCGGTAA	OWN	Leaf	14	10/23/2018	2	29.23	1.33	rdi	Ungrafted	C
MV14.OWN.10-11.R	163	AGAATTACAACG	GTGTGYCAGCMGCCGCGGTAA	OWN	Root	14	12/20/2018	6	53.87	2.09	rdi	Ungrafted	C
MV14.OWN.10-11.S	164	TGCCAGACCACT	GTGTGYCAGCMGCCGCGGTAA	OWN	Soil	14	11/14/208	4	178.67	1.88	rdi	Ungrafted	C
MV14.1103P.14-15.B	165	TGAAGATATCAG	GTGTGYCAGCMGCCGCGGTAA	1103P	Berry	14	2/18/2019	13	18.61	1.54	rdi	Grafted	C
MV14.1103P.14-15.L	166	GATATGAACTGC	GTGTGYCAGCMGCCGCGGTAA	1103P	Leaf	14	10/23/2018	2	16.75	1.35	rdi	Grafted	C
MV14.1103P.14-15.R	167	ACACTGGTCCTG	GTGTGYCAGCMGCCGCGGTAA	1103P	Root	14	12/20/2018	6	21.2	1.54	rdi	Grafted	C
MV14.1103P.14-15.S	168	TCCCAACCTAGG	GTGTGYCAGCMGCCGCGGTAA	1103P	Soil	14	11/14/208	4	147.17	1.82	rdi	Grafted	C
MV15.OWN.2-3.B	169	GGCTGTCGCAGG	GTGTGYCAGCMGCCGCGGTAA	OWN	Berry	15	2/11/2019	9	9.36	1.54	none	Ungrafted	C
MV15.OWN.2-3.L	170	GAATAGTAGTCA	GTGTGYCAGCMGCCGCGGTAA	OWN	Leaf	15	10/18/2018	1	15.36	1.38	none	Ungrafted	C
MV15.OWN.2-3.R	171	GATAAGCGCCTT	GTGTGYCAGCMGCCGCGGTAA	OWN	Root	15	12/20/2018	6	26.83	1.53	none	Ungrafted	C
MV15.OWN.2-3.S	172	CGATGTGTGGTT	GTGTGYCAGCMGCCGCGGTAA	OWN	Soil	15	11/14/208	4	80.2	1.86	none	Ungrafted	C
MV15.3309C.6-7.B	173	TTCAAAGGATGA	GTGTGYCAGCMGCCGCGGTAA	3309C	Berry	15	2/12/2019	10	27.13	1.47	none	Grafted	C
MV15.3309C.6-7.L	174	CCTGCTTCCTTC	GTGTGYCAGCMGCCGCGGTAA	3309C	Leaf	15	10/18/2018	1	6.79	1.38	none	Grafted	C
MV15.3309C.6-7.R	175	TCTTCTGCCCTA	GTGTGYCAGCMGCCGCGGTAA	3309C	Root	15	12/20/2018	6	30.94	1.63	none	Grafted	C
MV15.3309C.6-7.S	176	GTGAGTCATACC	GTGTGYCAGCMGCCGCGGTAA	3309C	Soil	15	11/14/208	4	76.12	1.86	none	Grafted	C
MV15.1103P.10-11.B	177	CGCGAAGTTTCA	GTGTGYCAGCMGCCGCGGTAA	1103P	Berry	15	2/11/2019	9	6.44	1.56	none	Grafted	C
MV15.1103P.10-11.L	178	TGAGAGTCCCTC	GTGTGYCAGCMGCCGCGGTAA	1103P	Leaf	15	10/18/2018	1	11.09	1.37	none	Grafted	C
MV15.1103P.10-11.R	179	GTGTGTGCCATA	GTGTGYCAGCMGCCGCGGTAA	1103P	Root	15	12/20/2018	6	23.39	2.15	none	Grafted	C
MV15.1103P.10-11.S	180	TGCTGCTCAACG	GTGTGYCAGCMGCCGCGGTAA	1103P	Soil	15	11/14/208	4	120.77	1.9	none	Grafted	C
MV15.SO4.14-15.B	181	GGAGGCCATAAG	GTGTGYCAGCMGCCGCGGTAA	SO4	Berry	15	2/11/2019	9	13.29	1.56	none	Grafted	C
MV15.SO4.14-15.L	182	GTTAGATCTATT	GTGTGYCAGCMGCCGCGGTAA	SO4	Leaf	15	10/18/2018	1	23.27	1.34	none	Grafted	C
MV15.SO4.14-15.R	183	CTTACGAGTAGA	GTGTGYCAGCMGCCGCGGTAA	SO4	Root	15	12/13/2018	5	40.2	1.51	none	Grafted	C
MV15.SO4.14-15.S	184	AGTACAACTGAA	GTGTGYCAGCMGCCGCGGTAA	SO4	Soil	15	11/14/208	4	96.79	1.78	none	Grafted	C
MV16.1103P.2-3.B	185	GTCCAAAGCGTT	GTGTGYCAGCMGCCGCGGTAA	1103P	Berry	16	2/11/2019	9	4.8	1.34	full	Grafted	C
MV16.1103P.2-3.L	186	ATTGAGTGAGTC	GTGTGYCAGCMGCCGCGGTAA	1103P	Leaf	16	10/18/2018	1	21.44	1.3	full	Grafted	C
MV16.1103P.2-3.R	187	TCGGTCCATAGC	GTGTGYCAGCMGCCGCGGTAA	1103P	Root	16	12/20/2018	6	17.26	1.38	full	Grafted	C
MV16.1103P.2-3.S	188	CCTCCAGACGTC	GTGTGYCAGCMGCCGCGGTAA	1103P	Soil	16	11/14/208	4	66.62	1.77	full	Grafted	C
MV16.OWN.6-7.B	189	ACGCTGTCGGTT	GTGTGYCAGCMGCCGCGGTAA	OWN	Berry	16	2/11/2019	9	4.34	1.26	full	Ungrafted	C
MV16.OWN.6-7.L	190	TAGCTCACAGCA	GTGTGYCAGCMGCCGCGGTAA	OWN	Leaf	16	10/18/2018	1	13.67	1.34	full	Ungrafted	C
MV16.OWN.6-7.R	191	TTACTAGTTAAC	GTGTGYCAGCMGCCGCGGTAA	OWN	Root	16	12/20/2018	6	9.94	1.4	full	Ungrafted	C
MV16.OWN.6-7.S	192	AGTTCATACGGC	GTGTGYCAGCMGCCGCGGTAA	OWN	Soil	16	11/14/208	4	134.84	1.84	full	Ungrafted	C
MV16.SO4.10-11.B	193	ACAGAACCGGCG	GTGTGYCAGCMGCCGCGGTAA	SO4	Berry	16	2/12/2019	10	16.4	1.45	full	Grafted	C
MV16.SO4.10-11.L	194	CTTCCTGCCAGG	GTGTGYCAGCMGCCGCGGTAA	SO4	Leaf	16	10/18/2018	1	4.68	1.36	full	Grafted	C
MV16.SO4.10-11.R	195	AACAGGTCTCTG	GTGTGYCAGCMGCCGCGGTAA	SO4	Root	16	12/20/2018	6	17.66	1.6	full	Grafted	C
MV16.SO4.10-11.S	196	GAGCTAAGTTAC	GTGTGYCAGCMGCCGCGGTAA	SO4	Soil	16	11/14/208	4	100.83	1.8	full	Grafted	C
MV16.3309C.14-15.B	197	AAGTGAAGCGAG	GTGTGYCAGCMGCCGCGGTAA	3309C	Berry	16	2/11/2019	9	10.8	1.44	full	Grafted	C
MV16.3309C.14-15.L	198	GACCTCGACCTC	GTGTGYCAGCMGCCGCGGTAA	3309C	Leaf	16	10/18/2018	1	16.3	1.35	full	Grafted	C
MV16.3309C.14-15.R	199	GCGGATGCGGAT	GTGTGYCAGCMGCCGCGGTAA	3309C	Root	16	12/20/2018	6	23.37	2.56	full	Grafted	C
MV16.3309C.14-15.S	200	ACAGCATAGCTC	GTGTGYCAGCMGCCGCGGTAA	3309C	Soil	16	11/14/208	4	60.02	1.83	full	Grafted	C
